<?xml version="1.0" encoding="UTF-8" standalone="yes"?>
<ItemTable xmlns:xsi="http://www.w3.org/2001/XMLSchema-instance">
	<Item>
		<Index>1</Index>
		<Name>MpUp</Name>		
		<Type>HP_AMOUNT</Type>	
		<Value>50</Value>
		<Time>0</Time>	
	</Item>	
	<Item>
		<Index>2</Index>
		<Name>Mpdown</Name>		
		<Type>HP_AMOUNT</Type>	
		<Value>-70</Value>	
		<Time>0</Time>
	</Item>		
	<Item>
		<Index>3</Index>
		<Name>Movefast</Name>		
		<Type>MOVE_SPEED_AMOUNT_BUFF</Type>
		<Value>250</Value>		
		<Time>10</Time>	
	</Item>	
	<Item>
		<Index>4</Index>
		<Name>MoveSlow</Name>		
		<Type>MOVE_SPEED_AMOUNT_BUFF</Type>
		<Value>-250</Value>		
		<Time>10</Time>	
	</Item>	
	<Item>
		<Index>5</Index>
		<Name>freeAttackSpace</Name>		
		<Type>FREE_ATTACK_SPACE</Type>	
		<Value>0</Value>	
		<Time>8</Time>	
	</Item>	
	<Item>
		<Index>6</Index>
		<Name>fogEffect</Name>		
		<Type>FOG_EFFECT</Type>	
		<Value>0</Value>	
		<Time>0</Time>	
	</Item>		
	<Item>
		<Index>7</Index>
		<Name>automaticAttack</Name>		
		<Type>AUTOMATIC_ATTACK</Type>	
		<Value>0</Value>	
		<Time>0</Time>	
	</Item>			
</ItemTable>